{"stats":{"minecraft:picked_up":{"minecraft:arrow":1,"minecraft:lilac":1,"minecraft:bone":1,"minecraft:bow":1,"minecraft:oak_log":3,"minecraft:oak_sapling":1},"minecraft:dropped":{"minecraft:oak_sapling":1},"minecraft:custom":{"minecraft:time_since_rest":76626,"minecraft:play_one_minute":76626,"minecraft:crouch_one_cm":167,"minecraft:sprint_one_cm":13387,"minecraft:damage_taken":130,"minecraft:walk_one_cm":21517,"minecraft:sneak_time":139,"minecraft:mob_kills":1,"minecraft:drop":1,"minecraft:jump":271,"minecraft:damage_dealt":38,"minecraft:leave_game":1,"minecraft:time_since_death":76626,"minecraft:walk_on_water_one_cm":722,"minecraft:fall_one_cm":6645,"minecraft:fly_one_cm":109075},"minecraft:killed":{"minecraft:skeleton":1},"minecraft:mined":{"minecraft:oak_log":3,"minecraft:lilac":1,"minecraft:oak_leaves":4},"minecraft:used":{"minecraft:lilac":1,"minecraft:oak_log":3}},"DataVersion":2586}