{"stats":{"minecraft:picked_up":{"minecraft:lilac":1,"minecraft:oak_log":3,"minecraft:oak_sapling":1},"minecraft:dropped":{"minecraft:oak_sapling":1},"minecraft:custom":{"minecraft:jump":70,"minecraft:time_since_rest":5066,"minecraft:walk_on_water_one_cm":722,"minecraft:crouch_one_cm":89,"minecraft:play_one_minute":5066,"minecraft:sprint_one_cm":6374,"minecraft:time_since_death":5066,"minecraft:walk_one_cm":7047,"minecraft:sneak_time":9,"minecraft:fall_one_cm":478,"minecraft:drop":1,"minecraft:fly_one_cm":15296},"minecraft:mined":{"minecraft:lilac":1,"minecraft:oak_log":3,"minecraft:oak_leaves":4},"minecraft:used":{"minecraft:oak_log":3,"minecraft:lilac":1}},"DataVersion":2586}