{"stats":{"minecraft:picked_up":{"minecraft:lilac":1,"minecraft:oak_log":3,"minecraft:oak_sapling":1},"minecraft:dropped":{"minecraft:oak_sapling":1},"minecraft:custom":{"minecraft:jump":172,"minecraft:damage_taken":130,"minecraft:time_since_rest":17066,"minecraft:walk_on_water_one_cm":722,"minecraft:crouch_one_cm":89,"minecraft:play_one_minute":17066,"minecraft:sprint_one_cm":9289,"minecraft:time_since_death":17066,"minecraft:walk_one_cm":15254,"minecraft:sneak_time":9,"minecraft:fall_one_cm":6645,"minecraft:drop":1,"minecraft:fly_one_cm":26435},"minecraft:mined":{"minecraft:lilac":1,"minecraft:oak_log":3,"minecraft:oak_leaves":4},"minecraft:used":{"minecraft:oak_log":3,"minecraft:lilac":1}},"DataVersion":2586}